{
  "default-calendar": "gregorian",
  "separator": "‏/",
  "unitOrder": "DD/MM/YYYY",
  "weekStart": 7,
  "placeholder": "DD/MM/YYYY",
  "days": {
    "abbreviated": ["الأحد", "الاثنين", "الثلاثاء", "الأربعاء", "الخميس", "الجمعة", "السبت"],
    "narrow": ["ح", "ن", "ث", "ر", "خ", "ج", "س"],
    "short": ["أحد", "إثنين", "ثلاثاء", "أربعاء", "خميس", "جمعة", "سبت"],
    "wide": ["الأحد", "الاثنين", "الثلاثاء", "الأربعاء", "الخميس", "الجمعة", "السبت"]
  },
  "numerals": "٠١٢٣٤٥٦٧٨٩",
  "months": {
    "abbreviated": [
      "يناير",
      "فبراير",
      "مارس",
      "أبريل",
      "مايو",
      "يونيو",
      "يوليو",
      "أغسطس",
      "سبتمبر",
      "أكتوبر",
      "نوفمبر",
      "ديسمبر"
    ],
    "narrow": ["ي", "ف", "م", "أ", "و", "ن", "ل", "غ", "س", "ك", "ب", "د"],
    "wide": [
      "يناير",
      "فبراير",
      "مارس",
      "أبريل",
      "مايو",
      "يونيو",
      "يوليو",
      "أغسطس",
      "سبتمبر",
      "أكتوبر",
      "نوفمبر",
      "ديسمبر"
    ]
  }
}
