{
  "default-calendar": "gregorian",
  "separator": "-",
  "unitOrder": "DD-MM-YYYY",
  "weekStart": 7,
  "placeholder": "DD-MM-YYYY",
  "days": {
    "abbreviated": ["zo", "ma", "di", "wo", "do", "vr", "za"],
    "narrow": ["Z", "M", "D", "W", "D", "V", "Z"],
    "short": ["zo", "ma", "di", "wo", "do", "vr", "za"],
    "wide": ["zondag", "maandag", "dinsdag", "woensdag", "donderdag", "vrijdag", "zaterdag"]
  },
  "numerals": "0123456789",
  "months": {
    "abbreviated": ["jan.", "feb.", "mrt.", "apr.", "mei", "jun.", "jul.", "aug.", "sep.", "okt.", "nov.", "dec."],
    "narrow": ["J", "F", "M", "A", "M", "J", "J", "A", "S", "O", "N", "D"],
    "wide": [
      "januari",
      "februari",
      "maart",
      "april",
      "mei",
      "juni",
      "juli",
      "augustus",
      "september",
      "oktober",
      "november",
      "december"
    ]
  }
}
