{
  "default-calendar": "gregorian",
  "separator": ".",
  "unitOrder": "DD.MM.YYYY",
  "weekStart": 7,
  "placeholder": "DD.MM.YYYY",
  "days": {
    "abbreviated": ["dum.", "lun.", "mar.", "mie.", "joi", "vin.", "sâm."],
    "narrow": ["D", "L", "M", "M", "J", "V", "S"],
    "short": ["du.", "lu.", "ma.", "mi.", "joi", "vi.", "sâ."],
    "wide": ["duminică", "luni", "marți", "miercuri", "joi", "vineri", "sâmbătă"]
  },
  "numerals": "0123456789",
  "months": {
    "abbreviated": ["ian.", "feb.", "mar.", "apr.", "mai", "iun.", "iul.", "aug.", "sept.", "oct.", "nov.", "dec."],
    "narrow": ["I", "F", "M", "A", "M", "I", "I", "A", "S", "O", "N", "D"],
    "wide": [
      "ianuarie",
      "februarie",
      "martie",
      "aprilie",
      "mai",
      "iunie",
      "iulie",
      "august",
      "septembrie",
      "octombrie",
      "noiembrie",
      "decembrie"
    ]
  }
}
