{
  "default-calendar": "gregorian",
  "separator": ".",
  "unitOrder": "DD.MM.YYYY",
  "weekStart": 7,
  "placeholder": "DD.MM.YYYY",
  "days": {
    "abbreviated": ["søn.", "man.", "tir.", "ons.", "tor.", "fre.", "lør."],
    "narrow": ["S", "M", "T", "O", "T", "F", "L"],
    "short": ["sø", "ma", "ti", "on", "to", "fr", "lø"],
    "wide": ["søndag", "mandag", "tirsdag", "onsdag", "torsdag", "fredag", "lørdag"]
  },
  "numerals": "0123456789",
  "months": {
    "abbreviated": ["jan.", "feb.", "mar.", "apr.", "maj", "jun.", "jul.", "aug.", "sep.", "okt.", "nov.", "dec."],
    "narrow": ["J", "F", "M", "A", "M", "J", "J", "A", "S", "O", "N", "D"],
    "wide": [
      "januar",
      "februar",
      "marts",
      "april",
      "maj",
      "juni",
      "juli",
      "august",
      "september",
      "oktober",
      "november",
      "december"
    ]
  }
}
