{
  "default-calendar": "gregorian",
  "separator": "/",
  "unitOrder": "DD/MM/YYYY",
  "weekStart": 7,
  "placeholder": "DD/MM/YYYY",
  "days": {
    "abbreviated": ["อา.", "จ.", "อ.", "พ.", "พฤ.", "ศ.", "ส."],
    "narrow": ["อา", "จ", "อ", "พ", "พฤ", "ศ", "ส"],
    "short": ["อา.", "จ.", "อ.", "พ.", "พฤ.", "ศ.", "ส."],
    "wide": ["วันอาทิตย์", "วันจันทร์", "วันอังคาร", "วันพุธ", "วันพฤหัสบดี", "วันศุกร์", "วันเสาร์"]
  },
  "numerals": "0123456789",
  "months": {
    "abbreviated": ["ม.ค.", "ก.พ.", "มี.ค.", "เม.ย.", "พ.ค.", "มิ.ย.", "ก.ค.", "ส.ค.", "ก.ย.", "ต.ค.", "พ.ย.", "ธ.ค."],
    "narrow": ["ม.ค.", "ก.พ.", "มี.ค.", "เม.ย.", "พ.ค.", "มิ.ย.", "ก.ค.", "ส.ค.", "ก.ย.", "ต.ค.", "พ.ย.", "ธ.ค."],
    "wide": [
      "มกราคม",
      "กุมภาพันธ์",
      "มีนาคม",
      "เมษายน",
      "พฤษภาคม",
      "มิถุนายน",
      "กรกฎาคม",
      "สิงหาคม",
      "กันยายน",
      "ตุลาคม",
      "พฤศจิกายน",
      "ธันวาคม"
    ]
  }
}
