{
  "default-calendar": "gregorian",
  "separator": "/",
  "unitOrder": "DD/MM/YYYY",
  "weekStart": 7,
  "placeholder": "DD/MM/YYYY",
  "days": {
    "abbreviated": ["dom.", "seg.", "ter.", "qua.", "qui.", "sex.", "sáb."],
    "wide": ["domingo", "segunda", "terça", "quarta", "quinta", "sexta", "sábado"],
    "narrow": ["D", "S", "T", "Q", "Q", "S", "S"]
  },
  "numerals": "0123456789",
  "months": {
    "abbreviated": ["jan.", "fev.", "mar.", "abr.", "mai.", "jun.", "jul.", "ago.", "set.", "out.", "nov.", "dez."],
    "narrow": ["J", "F", "M", "A", "M", "J", "J", "A", "S", "O", "N", "D"],
    "wide": [
      "janeiro",
      "fevereiro",
      "março",
      "abril",
      "maio",
      "junho",
      "julho",
      "agosto",
      "setembro",
      "outubro",
      "novembro",
      "dezembro"
    ]
  }
}
